Agatha	Agatha	
Archer	Amos	
Bill	Léo	
Blaine	Auguste	
Blue	Blue	
Brock	Pierre	
Bruno	Aldo	
Madam Celadon	Julie Lavnire	
Celio	Cileo	
Charine 	Jeannine
Copycat 	Copieuse
Daisy	Nina	
Mr. Dazzling	Tonton Magique	
Erik	Nico	
Erika	Erika	
Mr. Fuji	M. Fuji
Gideon	Gedeon	
Giovanni	Giovanni
Green	Green
Mr. Hyper	Pépé Ultime
James	James	
Jessie	Jessie
Koga	Koga
Koichi	Koichi
Lance	Peter
Lorelei	Olga
Lostelle	Lostelle
Mina	Oléa
Misty	Misty
わすれオヤジFRLG
わすれジイさんPE	Wasure OyajiFRLG
Wasure JīsanPE	Move Deleter	Effaceur de Capacités	Attacken-Verlerner	EliminamosseFRLG
CancellamossePE	Quita-Movimientos	깜빡할아버지
Kkamppak HarabeojiPE	遺忘爺爺 / 遗忘爷爷 Yíwàng Yéye /
Wàihmòhng YèhyèhPE
姓名判断師せいめいはんだんし	Seimei Handanshi	Name Rater	Spécialiste des Noms	Namen-BewerterRBYFRLG
NamenbewerterPE	Giudice Onomastico	Inspector de los Motes	이름 감정사 Ireum Gamjeongsa	姓名鑑定師 / 姓名鉴定师
Xìngmíng Jiàndìngshī /
Singmìhng Gaamdihngsī
オーキド博士	Ōkido-hakase	Professor Oak	Prof. Chen	Prof. Eich	Prof. Oak	Prof. Oak	오박사 O-baksa	大木博士 Dàmù-bóshì / Daaihmuhk-boksih
エスパーおやじ	Esper Oyaji	Mr. Psychic	M. Psy	Mr. Psycho	Sig. Psiche	Sr. Psíquico	에스퍼아저씨 Esper Ajeossi	超能力大叔 Chāonénglì Dàshū / Chīunàhnglihk Daaihsūk
レッド	Red	Red	Red	Rot	Rosso	Rojo	레드 Red	赤紅 / 赤红 Chìhóng / Chekgūng
ナツメ	Natsume	Sabrina	Morgane	Sabrina	Sabrina	Sabrina	초련 Choryeon	娜姿 Nàzī / Nàhjī
アツコ	Atsuko	Sara	Julia	Sara	Sara	Sara	지연 Jiyeon	敦子 Dūnzi / Dēunjí
セバスチャン	Sebastian	Sebastian	Sebastian	Sebastian	Sebastiano	Sebastián		
アキホ	Akiho	Selphy	Themis	Kea	Noianna	Consu		
マチス	Matisse	Lt. Surge	Major Bob	Major Bob	Lt. Surge	Lt. SurgeRBYFRLG
Teniente SurgePE	마티스 Matisse	馬志士 / 马志士 Măzhìshì / Máhjisih
アオナ	Aona	Teala	Zadia